<?xml version="1.0" encoding="UTF-8"?>

<beans xmlns="http://www.springframework.org/schema/beans"
	xmlns:xsi="http://www.w3.org/2001/XMLSchema-instance"
	xmlns:context="http://www.springframework.org/schema/context"
	xmlns:aop="http://www.springframework.org/schema/aop"
	xsi:schemaLocation="http://www.springframework.org/schema/beans
	http://www.springframework.org/schema/beans/spring-beans-4.3.xsd
	http://www.springframework.org/schema/context
	http://www.springframework.org/schema/context/spring-context-4.3.xsd">

	<bean id="emp" class="com.main.Employee">
		<property name="empId" value="101"></property>
		<property name="ename" value="Arvind"></property>
	</bean>
	
	<bean id= "empcons" class="com.main.Employee">
		<constructor-arg value="102" type="int"></constructor-arg>
		<constructor-arg value="Satish"></constructor-arg>
	</bean>
	
	<bean id="addressdetails" class="com.main.Address">
	<property name="streetName" value="JP road"></property>
	<property name="city" value="Kolhapur"></property>
	<property name="pincode" value="416011"></property>
	</bean>
	
	<bean id="empbean" class="com.main.Employee">
	<property name="empId" value="109"></property>
	<property name="ename" value="Amit"></property>
	<property name="address" ref="addressdetails"></property>
	
	
	
	</bean>
	
	
	

</beans>